-- MySQL dump 10.13  Distrib 8.0.19, for Linux (x86_64)
--
-- Host: localhost    Database: vk
-- ------------------------------------------------------
-- Server version	8.0.19

/*!40101 SET @OLD_CHARACTER_SET_CLIENT=@@CHARACTER_SET_CLIENT */;
/*!40101 SET @OLD_CHARACTER_SET_RESULTS=@@CHARACTER_SET_RESULTS */;
/*!40101 SET @OLD_COLLATION_CONNECTION=@@COLLATION_CONNECTION */;
/*!50503 SET NAMES utf8mb4 */;
/*!40103 SET @OLD_TIME_ZONE=@@TIME_ZONE */;
/*!40103 SET TIME_ZONE='+00:00' */;
/*!40014 SET @OLD_UNIQUE_CHECKS=@@UNIQUE_CHECKS, UNIQUE_CHECKS=0 */;
/*!40014 SET @OLD_FOREIGN_KEY_CHECKS=@@FOREIGN_KEY_CHECKS, FOREIGN_KEY_CHECKS=0 */;
/*!40101 SET @OLD_SQL_MODE=@@SQL_MODE, SQL_MODE='NO_AUTO_VALUE_ON_ZERO' */;
/*!40111 SET @OLD_SQL_NOTES=@@SQL_NOTES, SQL_NOTES=0 */;

--
-- Table structure for table `communities`
--

DROP TABLE IF EXISTS `communities`;
/*!40101 SET @saved_cs_client     = @@character_set_client */;
/*!50503 SET character_set_client = utf8mb4 */;
CREATE TABLE `communities` (
  `id` int unsigned NOT NULL AUTO_INCREMENT,
  `name` varchar(150) CHARACTER SET utf8 COLLATE utf8_unicode_ci NOT NULL,
  `description` varchar(255) COLLATE utf8_unicode_ci DEFAULT NULL,
  `is_open` tinyint(1) DEFAULT NULL,
  PRIMARY KEY (`id`),
  UNIQUE KEY `name` (`name`)
) ENGINE=InnoDB AUTO_INCREMENT=11 DEFAULT CHARSET=utf8 COLLATE=utf8_unicode_ci;
/*!40101 SET character_set_client = @saved_cs_client */;

--
-- Dumping data for table `communities`
--

LOCK TABLES `communities` WRITE;
/*!40000 ALTER TABLE `communities` DISABLE KEYS */;
INSERT INTO `communities` VALUES (1,'GeekBrains Group','I shall ever see you again, you dear old thing!\' said Alice, feeling very glad to find that her neck would bend about easily in any direction, like a wild beast, screamed \'Off with her head! Off--\'.',0),(2,'Data base course','King said, with a yelp of delight, which changed into alarm in another moment down went Alice like the largest telescope that ever was! Good-bye, feet!\' (for when she was coming to, but it all is!.',1),(3,'Viktor Schupochenko is cool teacher','Latitude was, or Longitude either, but thought they were gardeners, or soldiers, or courtiers, or three of the birds and animals that had fallen into the roof of the crowd below, and there they lay.',1),(4,'Rustam Khaitov is cool student','I get\" is the driest thing I ask! It\'s always six o\'clock now.\' A bright idea came into Alice\'s shoulder as she could have been a holiday?\' \'Of course it is,\' said the Duchess: \'flamingoes and.',1),(5,'All students at course are awesome','When I used to queer things happening. While she was talking. \'How CAN I have done that, you know,\' Alice gently remarked; \'they\'d have been changed for Mabel! I\'ll try and repeat \"\'TIS THE VOICE OF.',0),(6,'I\'am a God of Data base','Dormouse. \'Write that down,\' the King repeated angrily, \'or I\'ll have you got in your pocket?\' he went on again:-- \'You may go,\' said the King: \'leave out that one of the shepherd boy--and the.',0),(7,'msql is my life','Queen said severely \'Who is this?\' She said this she looked up and throw us, with the clock. For instance, if you like!\' the Duchess was sitting on a branch of a water-well,\' said the Mouse. \'Of.',1),(8,'I think I need a doctor','Gryphon repeated impatiently: \'it begins \"I passed by his garden.\"\' Alice did not like to try the experiment?\' \'HE might bite,\' Alice cautiously replied, not feeling at all the creatures order one.',0),(9,'When will the communities names end?','CHAPTER III. A Caucus-Race and a large pool all round her head. Still she went on in the sea. The master was an old crab, HE was.\' \'I never was so small as this before, never! And I declare it\'s too.',1),(10,'Hallelujah!!! The end has come!','Caterpillar; and it was only sobbing,\' she thought, and rightly too, that very few things indeed were really impossible. There seemed to think about it, and yet it was certainly English. \'I don\'t.',0);
/*!40000 ALTER TABLE `communities` ENABLE KEYS */;
UNLOCK TABLES;

--
-- Table structure for table `communities_users`
--

DROP TABLE IF EXISTS `communities_users`;
/*!40101 SET @saved_cs_client     = @@character_set_client */;
/*!50503 SET character_set_client = utf8mb4 */;
CREATE TABLE `communities_users` (
  `community_id` int unsigned NOT NULL,
  `user_id` int unsigned NOT NULL,
  PRIMARY KEY (`community_id`,`user_id`)
) ENGINE=InnoDB DEFAULT CHARSET=utf8 COLLATE=utf8_unicode_ci;
/*!40101 SET character_set_client = @saved_cs_client */;

--
-- Dumping data for table `communities_users`
--

LOCK TABLES `communities_users` WRITE;
/*!40000 ALTER TABLE `communities_users` DISABLE KEYS */;
INSERT INTO `communities_users` VALUES (1,1),(1,11),(1,21),(1,31),(1,41),(1,51),(1,61),(1,71),(1,81),(1,91),(2,2),(2,12),(2,22),(2,32),(2,42),(2,52),(2,62),(2,72),(2,82),(2,92),(3,3),(3,13),(3,23),(3,33),(3,43),(3,53),(3,63),(3,73),(3,83),(3,93),(4,4),(4,14),(4,24),(4,34),(4,44),(4,54),(4,64),(4,74),(4,84),(4,94),(5,5),(5,15),(5,25),(5,35),(5,45),(5,55),(5,65),(5,75),(5,85),(5,95),(6,6),(6,16),(6,26),(6,36),(6,46),(6,56),(6,66),(6,76),(6,86),(6,96),(7,7),(7,17),(7,27),(7,37),(7,47),(7,57),(7,67),(7,77),(7,87),(7,97),(8,8),(8,18),(8,28),(8,38),(8,48),(8,58),(8,68),(8,78),(8,88),(8,98),(9,9),(9,19),(9,29),(9,39),(9,49),(9,59),(9,69),(9,79),(9,89),(9,99),(10,10),(10,20),(10,30),(10,40),(10,50),(10,60),(10,70),(10,80),(10,90),(10,100);
/*!40000 ALTER TABLE `communities_users` ENABLE KEYS */;
UNLOCK TABLES;

--
-- Table structure for table `friendship`
--

DROP TABLE IF EXISTS `friendship`;
/*!40101 SET @saved_cs_client     = @@character_set_client */;
/*!50503 SET character_set_client = utf8mb4 */;
CREATE TABLE `friendship` (
  `user_id` int unsigned NOT NULL,
  `friend_id` int unsigned NOT NULL,
  `friendship_status_id` int unsigned NOT NULL,
  `requested_at` datetime DEFAULT CURRENT_TIMESTAMP,
  `confirmed_at` datetime DEFAULT NULL,
  PRIMARY KEY (`user_id`,`friend_id`)
) ENGINE=InnoDB DEFAULT CHARSET=utf8 COLLATE=utf8_unicode_ci;
/*!40101 SET character_set_client = @saved_cs_client */;

--
-- Dumping data for table `friendship`
--

LOCK TABLES `friendship` WRITE;
/*!40000 ALTER TABLE `friendship` DISABLE KEYS */;
INSERT INTO `friendship` VALUES (1,22,2,'2004-10-02 05:03:30','2004-10-02 05:03:30'),(2,13,3,'1971-08-01 03:40:14','1979-04-10 08:37:31'),(2,20,3,'1978-10-05 16:24:19','1978-10-05 16:24:19'),(2,43,3,'1998-09-09 00:29:49','1998-09-09 00:29:49'),(2,67,1,'2000-02-24 10:07:08','2019-01-25 02:04:59'),(3,60,1,'1984-04-09 08:36:30','2008-07-09 22:31:04'),(3,78,2,'1981-08-10 06:38:53','1981-08-10 06:38:53'),(5,76,3,'1983-07-01 13:52:15','1983-07-01 13:52:15'),(5,90,1,'1982-08-22 08:19:55','1986-04-12 22:01:51'),(9,11,3,'1994-07-14 21:52:59','1994-07-14 21:52:59'),(10,35,3,'2002-02-11 05:08:53','2018-08-13 12:19:21'),(10,81,2,'1972-06-02 12:15:44','1972-06-02 12:15:44'),(11,23,2,'1971-11-29 19:32:49','1971-11-29 19:32:49'),(13,55,2,'1972-10-19 18:04:02','1972-10-19 18:04:02'),(13,73,3,'1988-09-02 16:53:32','1999-08-27 05:29:41'),(14,5,2,'1992-09-18 08:29:00','1992-09-18 08:29:00'),(14,11,2,'1994-08-24 07:06:03','1994-08-24 07:06:03'),(15,72,2,'1988-12-13 13:57:32','1997-01-06 03:09:50'),(16,40,1,'1994-02-16 14:26:55','1995-05-19 10:41:38'),(16,54,2,'1977-04-14 22:06:18','1977-04-14 22:06:18'),(20,97,2,'1979-12-06 08:34:47','1979-12-06 08:34:47'),(23,24,2,'1995-10-18 01:59:43','1998-09-17 18:53:15'),(24,70,1,'2003-01-28 15:15:35','2003-01-28 15:15:35'),(26,25,2,'1993-07-07 09:37:36','1999-06-17 10:34:47'),(27,49,2,'1982-05-05 06:19:20','2018-07-27 14:46:11'),(28,56,3,'1999-02-27 20:13:07','2000-04-23 14:52:16'),(28,99,2,'1979-11-24 06:00:10','1984-08-29 14:30:53'),(29,8,2,'1983-04-27 08:19:32','1983-04-27 08:19:32'),(29,97,1,'1971-06-13 09:14:43','1980-11-04 10:09:51'),(30,74,1,'1975-02-21 00:57:06','1975-02-21 00:57:06'),(31,9,2,'1972-10-08 00:07:29','1972-10-08 00:07:29'),(31,21,2,'1972-01-07 18:47:58','1972-01-07 18:47:58'),(31,73,2,'1992-03-08 02:52:01','1992-03-08 02:52:01'),(32,60,1,'1996-02-11 05:08:58','1996-02-11 05:08:58'),(34,10,2,'1973-12-10 10:15:27','1994-08-29 17:00:02'),(35,16,3,'1995-07-30 17:39:30','1995-07-30 17:39:30'),(37,54,3,'1975-07-11 12:41:59','1975-07-11 12:41:59'),(38,22,1,'1983-06-22 17:27:10','1983-06-22 17:27:10'),(38,26,2,'1993-03-22 15:35:05','1993-03-22 15:35:05'),(38,67,3,'1971-05-20 06:20:08','1986-03-18 03:29:56'),(39,48,1,'1982-04-14 10:31:17','1992-06-30 20:22:21'),(39,73,1,'2009-04-27 19:08:54','2011-12-26 22:46:39'),(41,17,3,'1977-09-15 02:13:24','2006-04-10 15:48:12'),(41,51,3,'2003-10-03 16:31:56','2003-10-03 16:31:56'),(41,64,2,'1981-11-14 02:01:49','1981-11-14 02:01:49'),(42,38,2,'2001-12-02 12:00:54','2018-12-24 12:10:07'),(44,34,2,'1979-10-16 10:36:08','2006-10-01 12:55:25'),(45,68,3,'2012-07-20 16:46:17','2016-02-17 12:05:12'),(46,34,3,'1986-11-01 12:06:03','1986-11-01 12:06:03'),(46,42,3,'1988-07-15 03:09:25','2004-01-14 17:36:08'),(46,61,2,'1976-09-21 14:42:51','1988-02-27 12:34:16'),(48,45,3,'2008-12-23 07:55:02','2010-04-05 06:16:17'),(51,14,1,'1998-11-23 08:37:26','1998-11-23 08:37:26'),(51,61,2,'1984-02-16 10:51:24','1984-02-16 10:51:24'),(51,100,2,'1970-12-11 11:54:55','1987-12-27 10:50:42'),(52,6,2,'1983-05-12 07:12:51','1996-03-18 06:00:57'),(52,74,2,'1996-03-05 20:21:00','1996-03-05 20:21:00'),(53,91,2,'1980-04-16 15:41:56','2001-04-07 12:35:05'),(54,1,2,'1972-08-18 22:33:56','1972-08-18 22:33:56'),(54,51,1,'1984-03-20 23:41:00','1986-12-16 04:36:00'),(55,78,1,'1975-01-22 10:53:30','1975-01-22 10:53:30'),(56,45,2,'1984-09-12 08:55:50','2001-12-25 11:10:26'),(56,66,1,'2010-07-23 22:58:05','2012-08-23 21:58:24'),(58,16,1,'1982-08-03 07:33:35','1982-08-03 07:33:35'),(58,68,2,'1987-06-05 15:51:38','2004-10-02 17:49:20'),(63,12,3,'1983-01-12 15:11:34','1983-01-12 15:11:34'),(63,83,1,'2002-04-05 21:10:26','2002-04-05 21:10:26'),(65,56,3,'2012-07-03 02:31:15','2017-04-23 08:59:18'),(66,44,2,'1991-09-06 01:19:13','1991-09-06 01:19:13'),(67,70,3,'1984-11-17 11:49:51','2005-09-02 21:25:32'),(68,5,3,'1970-02-21 07:35:00','2010-04-26 18:52:13'),(68,24,3,'1982-05-08 22:55:05','2012-11-11 18:58:08'),(69,10,2,'1997-08-03 12:55:54','1997-08-03 12:55:54'),(69,61,1,'1986-01-04 22:20:52','1986-01-04 22:20:52'),(70,35,3,'1976-06-20 20:27:24','1993-02-13 01:16:49'),(72,9,2,'1985-10-28 17:34:13','1985-10-28 17:34:13'),(72,91,3,'1975-01-09 15:59:58','1979-11-04 04:39:46'),(73,67,2,'2006-04-23 19:59:46','2006-04-23 19:59:46'),(74,51,3,'1985-07-06 08:09:54','1985-07-06 08:09:54'),(74,54,1,'2011-12-08 01:43:15','2018-12-18 09:51:56'),(76,41,2,'1988-10-22 06:20:56','1993-08-21 18:33:27'),(77,33,1,'1971-11-27 22:41:02','1977-04-16 08:27:40'),(78,36,3,'1995-01-21 07:08:04','1995-01-21 07:08:04'),(78,48,3,'1970-07-27 11:09:43','1970-07-27 11:09:43'),(81,21,1,'1971-06-04 23:13:23','1971-06-04 23:13:23'),(83,4,2,'1973-07-07 12:05:58','1973-07-07 12:05:58'),(83,40,2,'1970-05-13 08:32:30','1970-05-13 08:32:30'),(83,80,3,'1985-08-29 04:26:34','1985-08-29 04:26:34'),(85,17,3,'1997-08-28 02:19:18','1997-08-28 02:19:18'),(85,51,1,'1974-01-18 19:18:02','2018-04-03 09:11:41'),(86,36,1,'1984-11-02 14:49:50','1992-04-07 14:31:06'),(87,42,1,'1971-05-24 16:23:42','1971-05-24 16:23:42'),(87,60,3,'1991-04-03 06:32:12','2002-03-24 23:56:34'),(88,78,1,'1996-11-28 19:25:51','2012-08-13 14:34:44'),(90,36,1,'1998-07-10 21:33:53','1998-07-10 21:33:53'),(94,29,1,'1987-10-30 04:06:38','1987-10-30 04:06:38'),(95,43,1,'1983-11-03 07:46:20','1983-11-03 07:46:20'),(96,92,3,'1992-04-07 22:13:47','1992-04-07 22:13:47'),(97,24,1,'2001-02-06 09:14:32','2013-12-05 02:14:01'),(99,86,3,'1972-05-29 14:43:48','1972-05-29 14:43:48');
/*!40000 ALTER TABLE `friendship` ENABLE KEYS */;
UNLOCK TABLES;

--
-- Table structure for table `friendship_statuses`
--

DROP TABLE IF EXISTS `friendship_statuses`;
/*!40101 SET @saved_cs_client     = @@character_set_client */;
/*!50503 SET character_set_client = utf8mb4 */;
CREATE TABLE `friendship_statuses` (
  `id` int unsigned NOT NULL AUTO_INCREMENT,
  `name` varchar(150) CHARACTER SET utf8 COLLATE utf8_unicode_ci NOT NULL,
  PRIMARY KEY (`id`),
  UNIQUE KEY `name` (`name`)
) ENGINE=InnoDB AUTO_INCREMENT=4 DEFAULT CHARSET=utf8 COLLATE=utf8_unicode_ci;
/*!40101 SET character_set_client = @saved_cs_client */;

--
-- Dumping data for table `friendship_statuses`
--

LOCK TABLES `friendship_statuses` WRITE;
/*!40000 ALTER TABLE `friendship_statuses` DISABLE KEYS */;
INSERT INTO `friendship_statuses` VALUES (2,'Confirmed'),(3,'Rejected'),(1,'Requested');
/*!40000 ALTER TABLE `friendship_statuses` ENABLE KEYS */;
UNLOCK TABLES;

--
-- Table structure for table `media`
--

DROP TABLE IF EXISTS `media`;
/*!40101 SET @saved_cs_client     = @@character_set_client */;
/*!50503 SET character_set_client = utf8mb4 */;
CREATE TABLE `media` (
  `id` int unsigned NOT NULL AUTO_INCREMENT,
  `media_type_id` int unsigned NOT NULL,
  `user_id` int unsigned NOT NULL,
  `filename` varchar(255) CHARACTER SET utf8 COLLATE utf8_unicode_ci NOT NULL,
  `size` int NOT NULL,
  `metadata` json DEFAULT NULL,
  `created_at` datetime DEFAULT CURRENT_TIMESTAMP,
  `updated_at` datetime DEFAULT CURRENT_TIMESTAMP ON UPDATE CURRENT_TIMESTAMP,
  PRIMARY KEY (`id`)
) ENGINE=InnoDB AUTO_INCREMENT=101 DEFAULT CHARSET=utf8 COLLATE=utf8_unicode_ci;
/*!40101 SET character_set_client = @saved_cs_client */;

--
-- Dumping data for table `media`
--

LOCK TABLES `media` WRITE;
/*!40000 ALTER TABLE `media` DISABLE KEYS */;
INSERT INTO `media` VALUES (1,1,14,'https://dropbox.net/vk/file_rerum',32,'{\"owner\": \"Lindsay Conn\"}','2015-01-13 07:37:38','2020-02-20 16:56:49'),(2,3,86,'https://dropbox.net/vk/file_unde',35,'{\"owner\": \"Benny Ratke\"}','1987-05-19 15:13:14','2020-02-20 16:56:49'),(3,3,16,'https://dropbox.net/vk/file_porro',11,'{\"owner\": \"Asia Kuhlman\"}','1989-07-05 17:35:05','2020-02-20 16:56:49'),(4,1,97,'https://dropbox.net/vk/file_vitae',24,'{\"owner\": \"Else Rice\"}','2018-11-12 16:09:49','2020-02-20 16:56:49'),(5,1,15,'https://dropbox.net/vk/file_explicabo',26,'{\"owner\": \"Ettie Schamberger\"}','1997-05-16 18:45:30','2020-02-20 16:56:49'),(6,2,16,'https://dropbox.net/vk/file_aut',36,'{\"owner\": \"Asia Kuhlman\"}','1991-03-24 15:53:57','2020-02-20 16:56:49'),(7,2,7,'https://dropbox.net/vk/file_veritatis',44,'{\"owner\": \"Rodrick Maggio\"}','1976-06-10 05:13:27','2020-02-20 16:56:49'),(8,3,17,'https://dropbox.net/vk/file_modi',32,'{\"owner\": \"Jordy West\"}','2010-06-12 12:09:26','2020-02-20 16:56:49'),(9,2,13,'https://dropbox.net/vk/file_commodi',46,'{\"owner\": \"Nash Pacocha\"}','2017-08-13 09:30:11','2020-02-20 16:56:49'),(10,3,74,'https://dropbox.net/vk/file_sed',41,'{\"owner\": \"Vanessa Little\"}','1986-10-29 20:31:27','2020-02-20 16:56:49'),(11,1,97,'https://dropbox.net/vk/file_cum',34,'{\"owner\": \"Else Rice\"}','2005-04-24 22:59:13','2020-02-20 16:56:49'),(12,2,29,'https://dropbox.net/vk/file_quidem',29,'{\"owner\": \"Flavio Hayes\"}','1993-08-12 06:57:49','2020-02-20 16:56:49'),(13,1,44,'https://dropbox.net/vk/file_consequatur',33,'{\"owner\": \"Brandyn Nader\"}','1998-05-31 02:30:42','2020-02-20 16:56:49'),(14,3,81,'https://dropbox.net/vk/file_temporibus',34,'{\"owner\": \"Kobe Bruen\"}','1996-04-18 02:44:39','2020-02-20 16:56:49'),(15,1,10,'https://dropbox.net/vk/file_itaque',26,'{\"owner\": \"Marques Ortiz\"}','1994-05-01 02:20:40','2020-02-20 16:56:49'),(16,2,31,'https://dropbox.net/vk/file_molestiae',49,'{\"owner\": \"Isaiah Huels\"}','2018-05-01 20:37:06','2020-02-20 16:56:49'),(17,2,74,'https://dropbox.net/vk/file_sequi',30,'{\"owner\": \"Vanessa Little\"}','2008-07-07 10:58:26','2020-02-20 16:56:49'),(18,3,53,'https://dropbox.net/vk/file_et',23,'{\"owner\": \"Katrina Terry\"}','1980-10-20 21:43:51','2020-02-20 16:56:49'),(19,1,28,'https://dropbox.net/vk/file_nemo',14,'{\"owner\": \"Justina Aufderhar\"}','1972-12-11 12:13:45','2020-02-20 16:56:49'),(20,2,22,'https://dropbox.net/vk/file_architecto',45,'{\"owner\": \"Emerald Krajcik\"}','2013-09-11 03:20:54','2020-02-20 16:56:49'),(21,1,38,'https://dropbox.net/vk/file_sint',10,'{\"owner\": \"Ron Hessel\"}','1970-01-13 09:35:43','2020-02-20 16:56:49'),(22,2,55,'https://dropbox.net/vk/file_voluptas',26,'{\"owner\": \"Al Brekke\"}','1970-10-10 11:34:40','2020-02-20 16:56:49'),(23,3,96,'https://dropbox.net/vk/file_eius',28,'{\"owner\": \"Meghan Kuhlman\"}','1970-06-09 21:55:29','2020-02-20 16:56:49'),(24,2,74,'https://dropbox.net/vk/file_voluptatem',27,'{\"owner\": \"Vanessa Little\"}','1974-01-10 05:55:56','2020-02-20 16:56:49'),(25,2,92,'https://dropbox.net/vk/file_est',9840,'{\"owner\": \"Reagan Kilback\"}','1998-11-07 16:58:48','2020-02-20 16:56:49'),(26,2,26,'https://dropbox.net/vk/file_exercitationem',4920,'{\"owner\": \"Adriana Braun\"}','2002-11-10 19:26:37','2020-02-20 16:56:49'),(27,3,55,'https://dropbox.net/vk/file_error',43,'{\"owner\": \"Al Brekke\"}','1979-04-24 07:25:43','2020-02-20 16:56:49'),(28,3,61,'https://dropbox.net/vk/file_laudantium',11070,'{\"owner\": \"Annabel Gislason\"}','2009-12-07 16:39:41','2020-02-20 16:56:49'),(29,3,27,'https://dropbox.net/vk/file_unde',15,'{\"owner\": \"Conor Nitzsche\"}','1984-08-09 07:09:44','2020-02-20 16:56:49'),(30,2,78,'https://dropbox.net/vk/file_praesentium',31,'{\"owner\": \"Micaela Kunde\"}','2009-03-12 17:14:47','2020-02-20 16:56:49'),(31,3,47,'https://dropbox.net/vk/file_architecto',9840,'{\"owner\": \"Colby Wuckert\"}','2014-04-30 12:42:46','2020-02-20 16:56:49'),(32,2,60,'https://dropbox.net/vk/file_qui',45,'{\"owner\": \"Chad Koss\"}','1975-03-24 17:09:39','2020-02-20 16:56:49'),(33,1,23,'https://dropbox.net/vk/file_deserunt',18,'{\"owner\": \"Clinton Hilll\"}','1980-09-14 04:08:42','2020-02-20 16:56:49'),(34,2,11,'https://dropbox.net/vk/file_nisi',18,'{\"owner\": \"Elena Fay\"}','1976-11-23 07:23:28','2020-02-20 16:56:49'),(35,3,62,'https://dropbox.net/vk/file_et',18,'{\"owner\": \"Dylan Brakus\"}','2005-02-15 05:25:43','2020-02-20 16:56:49'),(36,1,94,'https://dropbox.net/vk/file_aut',35,'{\"owner\": \"Yesenia Goodwin\"}','1998-02-17 05:57:14','2020-02-20 16:56:49'),(37,2,69,'https://dropbox.net/vk/file_et',19,'{\"owner\": \"Luther Howe\"}','2018-04-25 19:14:13','2020-02-20 16:56:49'),(38,1,44,'https://dropbox.net/vk/file_saepe',50,'{\"owner\": \"Brandyn Nader\"}','2014-06-28 06:29:31','2020-02-20 16:56:49'),(39,3,19,'https://dropbox.net/vk/file_iste',50,'{\"owner\": \"Newton Gibson\"}','1983-03-23 00:02:00','2020-02-20 16:56:49'),(40,1,73,'https://dropbox.net/vk/file_rerum',27,'{\"owner\": \"Bradley Mertz\"}','1993-01-29 14:00:19','2020-02-20 16:56:49'),(41,3,65,'https://dropbox.net/vk/file_dicta',47,'{\"owner\": \"Icie Terry\"}','1977-02-23 11:26:25','2020-02-20 16:56:49'),(42,1,98,'https://dropbox.net/vk/file_dolor',36,'{\"owner\": \"Rogelio Jakubowski\"}','2003-06-15 07:40:45','2020-02-20 16:56:49'),(43,3,53,'https://dropbox.net/vk/file_in',1230,'{\"owner\": \"Katrina Terry\"}','1977-09-16 05:46:12','2020-02-20 16:56:49'),(44,1,18,'https://dropbox.net/vk/file_consequatur',38,'{\"owner\": \"Lincoln Lockman\"}','1975-11-05 12:29:00','2020-02-20 16:56:49'),(45,3,1,'https://dropbox.net/vk/file_magni',37,'{\"owner\": \"Shawna Schmidt\"}','2001-04-24 15:11:21','2020-02-20 16:56:49'),(46,1,16,'https://dropbox.net/vk/file_expedita',22,'{\"owner\": \"Asia Kuhlman\"}','2008-10-12 13:28:24','2020-02-20 16:56:49'),(47,2,2,'https://dropbox.net/vk/file_nemo',43,'{\"owner\": \"Eulalia Rosenbaum\"}','2009-04-22 08:44:45','2020-02-20 16:56:49'),(48,1,68,'https://dropbox.net/vk/file_culpa',15,'{\"owner\": \"Noble Trantow\"}','1973-07-13 22:58:11','2020-02-20 16:56:49'),(49,2,88,'https://dropbox.net/vk/file_quia',49,'{\"owner\": \"Guido Conroy\"}','1982-07-08 01:33:55','2020-02-20 16:56:49'),(50,2,75,'https://dropbox.net/vk/file_qui',2460,'{\"owner\": \"Pablo Wyman\"}','1994-09-24 16:24:37','2020-02-20 16:56:49'),(51,3,9,'https://dropbox.net/vk/file_placeat',40,'{\"owner\": \"Earl Tillman\"}','1973-06-29 01:11:41','2020-02-20 16:56:49'),(52,2,48,'https://dropbox.net/vk/file_reiciendis',10,'{\"owner\": \"Sidney Bruen\"}','1971-07-30 23:51:29','2020-02-20 16:56:49'),(53,2,16,'https://dropbox.net/vk/file_ab',45,'{\"owner\": \"Asia Kuhlman\"}','1979-09-14 22:46:41','2020-02-20 16:56:49'),(54,3,43,'https://dropbox.net/vk/file_dolorum',39,'{\"owner\": \"Alvena Runolfsdottir\"}','1998-04-19 09:06:42','2020-02-20 16:56:49'),(55,3,8,'https://dropbox.net/vk/file_dignissimos',22,'{\"owner\": \"Kayla Kozey\"}','2013-09-07 16:02:29','2020-02-20 16:56:49'),(56,1,45,'https://dropbox.net/vk/file_officiis',13,'{\"owner\": \"Ricardo Bernier\"}','2012-05-14 12:56:36','2020-02-20 16:56:49'),(57,3,15,'https://dropbox.net/vk/file_magni',34,'{\"owner\": \"Ettie Schamberger\"}','2003-05-06 18:06:11','2020-02-20 16:56:49'),(58,1,92,'https://dropbox.net/vk/file_id',11070,'{\"owner\": \"Reagan Kilback\"}','1980-11-28 16:45:37','2020-02-20 16:56:49'),(59,1,100,'https://dropbox.net/vk/file_in',30,'{\"owner\": \"Gudrun Wilkinson\"}','1995-01-25 19:23:08','2020-02-20 16:56:49'),(60,3,47,'https://dropbox.net/vk/file_consequatur',23,'{\"owner\": \"Colby Wuckert\"}','1970-04-18 18:01:01','2020-02-20 16:56:49'),(61,1,5,'https://dropbox.net/vk/file_reprehenderit',3690,'{\"owner\": \"Myles Boyle\"}','1991-06-17 08:41:07','2020-02-20 16:56:49'),(62,3,47,'https://dropbox.net/vk/file_dolor',13,'{\"owner\": \"Colby Wuckert\"}','1991-11-18 15:18:51','2020-02-20 16:56:49'),(63,1,38,'https://dropbox.net/vk/file_quos',13,'{\"owner\": \"Ron Hessel\"}','2009-09-08 14:14:50','2020-02-20 16:56:49'),(64,1,31,'https://dropbox.net/vk/file_iusto',4920,'{\"owner\": \"Isaiah Huels\"}','1978-06-20 16:02:07','2020-02-20 16:56:49'),(65,2,92,'https://dropbox.net/vk/file_et',47,'{\"owner\": \"Reagan Kilback\"}','1977-12-20 08:52:02','2020-02-20 16:56:49'),(66,1,73,'https://dropbox.net/vk/file_maiores',1230,'{\"owner\": \"Bradley Mertz\"}','1977-02-19 23:27:38','2020-02-20 16:56:49'),(67,1,74,'https://dropbox.net/vk/file_reprehenderit',6150,'{\"owner\": \"Vanessa Little\"}','1983-10-23 11:19:10','2020-02-20 16:56:49'),(68,2,78,'https://dropbox.net/vk/file_quis',47,'{\"owner\": \"Micaela Kunde\"}','1982-08-18 08:29:39','2020-02-20 16:56:49'),(69,1,11,'https://dropbox.net/vk/file_et',48,'{\"owner\": \"Elena Fay\"}','2018-05-07 13:43:50','2020-02-20 16:56:49'),(70,2,24,'https://dropbox.net/vk/file_aspernatur',3690,'{\"owner\": \"Maybelle Weissnat\"}','1973-03-07 05:40:53','2020-02-20 16:56:49'),(71,2,37,'https://dropbox.net/vk/file_necessitatibus',34,'{\"owner\": \"Leif Monahan\"}','1980-11-28 16:32:20','2020-02-20 16:56:49'),(72,2,91,'https://dropbox.net/vk/file_consequatur',42,'{\"owner\": \"Roxanne Bode\"}','2000-09-25 00:49:09','2020-02-20 16:56:49'),(73,3,10,'https://dropbox.net/vk/file_et',27,'{\"owner\": \"Marques Ortiz\"}','1991-07-13 13:17:07','2020-02-20 16:56:49'),(74,3,18,'https://dropbox.net/vk/file_ipsum',33,'{\"owner\": \"Lincoln Lockman\"}','1986-02-15 20:08:20','2020-02-20 16:56:49'),(75,3,92,'https://dropbox.net/vk/file_dolor',14,'{\"owner\": \"Reagan Kilback\"}','2017-03-10 16:08:21','2020-02-20 16:56:49'),(76,2,10,'https://dropbox.net/vk/file_quidem',1230,'{\"owner\": \"Marques Ortiz\"}','2011-08-21 23:33:09','2020-02-20 16:56:49'),(77,3,26,'https://dropbox.net/vk/file_nihil',34,'{\"owner\": \"Adriana Braun\"}','2002-09-17 18:06:51','2020-02-20 16:56:49'),(78,1,2,'https://dropbox.net/vk/file_dicta',38,'{\"owner\": \"Eulalia Rosenbaum\"}','1996-08-29 12:12:37','2020-02-20 16:56:49'),(79,2,70,'https://dropbox.net/vk/file_est',9840,'{\"owner\": \"Hyman Berge\"}','1970-12-27 14:14:58','2020-02-20 16:56:49'),(80,3,88,'https://dropbox.net/vk/file_molestiae',49,'{\"owner\": \"Guido Conroy\"}','1983-11-26 23:47:25','2020-02-20 16:56:49'),(81,2,38,'https://dropbox.net/vk/file_aliquid',23,'{\"owner\": \"Ron Hessel\"}','1999-05-22 12:51:33','2020-02-20 16:56:49'),(82,3,61,'https://dropbox.net/vk/file_culpa',11070,'{\"owner\": \"Annabel Gislason\"}','1973-10-01 03:35:18','2020-02-20 16:56:49'),(83,3,80,'https://dropbox.net/vk/file_ut',9840,'{\"owner\": \"Jeffry Gutmann\"}','2003-03-29 11:54:42','2020-02-20 16:56:49'),(84,2,1,'https://dropbox.net/vk/file_aut',11,'{\"owner\": \"Shawna Schmidt\"}','1992-08-06 11:47:01','2020-02-20 16:56:49'),(85,3,60,'https://dropbox.net/vk/file_non',38,'{\"owner\": \"Chad Koss\"}','2002-08-30 04:37:06','2020-02-20 16:56:49'),(86,1,8,'https://dropbox.net/vk/file_et',36,'{\"owner\": \"Kayla Kozey\"}','2018-04-28 18:52:30','2020-02-20 16:56:49'),(87,3,91,'https://dropbox.net/vk/file_voluptas',7380,'{\"owner\": \"Roxanne Bode\"}','2002-11-28 17:59:01','2020-02-20 16:56:49'),(88,2,46,'https://dropbox.net/vk/file_quod',32,'{\"owner\": \"Misael McLaughlin\"}','2014-01-26 17:41:01','2020-02-20 16:56:49'),(89,1,81,'https://dropbox.net/vk/file_illum',46,'{\"owner\": \"Kobe Bruen\"}','2000-12-03 23:09:40','2020-02-20 16:56:49'),(90,3,9,'https://dropbox.net/vk/file_dolorum',3690,'{\"owner\": \"Earl Tillman\"}','1999-03-25 23:33:19','2020-02-20 16:56:49'),(91,1,27,'https://dropbox.net/vk/file_dolor',36,'{\"owner\": \"Conor Nitzsche\"}','1996-09-08 08:52:26','2020-02-20 16:56:49'),(92,2,68,'https://dropbox.net/vk/file_quasi',17,'{\"owner\": \"Noble Trantow\"}','2012-02-10 22:17:34','2020-02-20 16:56:49'),(93,3,74,'https://dropbox.net/vk/file_voluptates',20,'{\"owner\": \"Vanessa Little\"}','2006-01-03 11:51:44','2020-02-20 16:56:49'),(94,3,15,'https://dropbox.net/vk/file_quis',15,'{\"owner\": \"Ettie Schamberger\"}','1976-06-23 19:29:20','2020-02-20 16:56:49'),(95,2,3,'https://dropbox.net/vk/file_quas',33,'{\"owner\": \"Joel Grady\"}','2001-03-13 20:59:29','2020-02-20 16:56:49'),(96,1,4,'https://dropbox.net/vk/file_consequatur',6150,'{\"owner\": \"Ferne Schowalter\"}','2019-11-25 14:28:26','2020-02-20 16:56:49'),(97,1,62,'https://dropbox.net/vk/file_ex',21,'{\"owner\": \"Dylan Brakus\"}','1994-12-16 08:58:35','2020-02-20 16:56:49'),(98,1,51,'https://dropbox.net/vk/file_alias',16,'{\"owner\": \"Cruz Mitchell\"}','1975-04-26 23:09:19','2020-02-20 16:56:49'),(99,1,4,'https://dropbox.net/vk/file_repellat',18,'{\"owner\": \"Ferne Schowalter\"}','1981-07-13 17:17:49','2020-02-20 16:56:49'),(100,1,31,'https://dropbox.net/vk/file_temporibus',3690,'{\"owner\": \"Isaiah Huels\"}','1991-01-14 16:34:50','2020-02-20 16:56:49');
/*!40000 ALTER TABLE `media` ENABLE KEYS */;
UNLOCK TABLES;

--
-- Table structure for table `media_types`
--

DROP TABLE IF EXISTS `media_types`;
/*!40101 SET @saved_cs_client     = @@character_set_client */;
/*!50503 SET character_set_client = utf8mb4 */;
CREATE TABLE `media_types` (
  `id` int unsigned NOT NULL AUTO_INCREMENT,
  `name` varchar(255) CHARACTER SET utf8 COLLATE utf8_unicode_ci NOT NULL,
  PRIMARY KEY (`id`),
  UNIQUE KEY `name` (`name`)
) ENGINE=InnoDB AUTO_INCREMENT=4 DEFAULT CHARSET=utf8 COLLATE=utf8_unicode_ci;
/*!40101 SET character_set_client = @saved_cs_client */;

--
-- Dumping data for table `media_types`
--

LOCK TABLES `media_types` WRITE;
/*!40000 ALTER TABLE `media_types` DISABLE KEYS */;
INSERT INTO `media_types` VALUES (2,'audio'),(1,'photo'),(3,'video');
/*!40000 ALTER TABLE `media_types` ENABLE KEYS */;
UNLOCK TABLES;

--
-- Table structure for table `messages`
--

DROP TABLE IF EXISTS `messages`;
/*!40101 SET @saved_cs_client     = @@character_set_client */;
/*!50503 SET character_set_client = utf8mb4 */;
CREATE TABLE `messages` (
  `id` int unsigned NOT NULL AUTO_INCREMENT,
  `from_user_id` int unsigned NOT NULL,
  `to_user_id` int unsigned NOT NULL,
  `to_community_id` int unsigned DEFAULT NULL,
  `body` text CHARACTER SET utf8 COLLATE utf8_unicode_ci NOT NULL,
  `is_important` tinyint(1) DEFAULT NULL,
  `is_delivered` tinyint(1) DEFAULT NULL,
  `created_at` datetime DEFAULT CURRENT_TIMESTAMP,
  PRIMARY KEY (`id`)
) ENGINE=InnoDB AUTO_INCREMENT=101 DEFAULT CHARSET=utf8 COLLATE=utf8_unicode_ci;
/*!40101 SET character_set_client = @saved_cs_client */;

--
-- Dumping data for table `messages`
--

LOCK TABLES `messages` WRITE;
/*!40000 ALTER TABLE `messages` DISABLE KEYS */;
INSERT INTO `messages` VALUES (1,2,12,NULL,'I shall ever see you again, you dear old thing!\' said Alice, feeling very glad to find that her neck would bend about easily in any direction, like a wild beast, screamed \'Off with her head! Off--\'.',1,1,'2000-08-22 07:07:53'),(2,34,60,NULL,'King said, with a yelp of delight, which changed into alarm in another moment down went Alice like the largest telescope that ever was! Good-bye, feet!\' (for when she was coming to, but it all is!.',0,1,'2016-06-30 01:30:31'),(3,88,45,NULL,'Latitude was, or Longitude either, but thought they were gardeners, or soldiers, or courtiers, or three of the birds and animals that had fallen into the roof of the crowd below, and there they lay.',0,1,'1972-06-18 12:47:47'),(4,37,50,NULL,'I get\" is the driest thing I ask! It\'s always six o\'clock now.\' A bright idea came into Alice\'s shoulder as she could have been a holiday?\' \'Of course it is,\' said the Duchess: \'flamingoes and.',0,0,'1996-01-17 10:19:04'),(5,20,9,NULL,'When I used to queer things happening. While she was talking. \'How CAN I have done that, you know,\' Alice gently remarked; \'they\'d have been changed for Mabel! I\'ll try and repeat \"\'TIS THE VOICE OF.',1,1,'2003-08-08 03:36:56'),(6,85,61,NULL,'Dormouse. \'Write that down,\' the King repeated angrily, \'or I\'ll have you got in your pocket?\' he went on again:-- \'You may go,\' said the King: \'leave out that one of the shepherd boy--and the.',1,0,'2004-12-21 19:50:18'),(7,24,68,NULL,'Queen said severely \'Who is this?\' She said this she looked up and throw us, with the clock. For instance, if you like!\' the Duchess was sitting on a branch of a water-well,\' said the Mouse. \'Of.',0,1,'2008-01-30 09:27:49'),(8,58,51,NULL,'Gryphon repeated impatiently: \'it begins \"I passed by his garden.\"\' Alice did not like to try the experiment?\' \'HE might bite,\' Alice cautiously replied, not feeling at all the creatures order one.',1,0,'2003-07-17 00:29:46'),(9,76,78,NULL,'CHAPTER III. A Caucus-Race and a large pool all round her head. Still she went on in the sea. The master was an old crab, HE was.\' \'I never was so small as this before, never! And I declare it\'s too.',0,0,'1976-08-26 22:38:48'),(10,94,41,NULL,'Caterpillar; and it was only sobbing,\' she thought, and rightly too, that very few things indeed were really impossible. There seemed to think about it, and yet it was certainly English. \'I don\'t.',0,0,'1978-05-27 12:43:41'),(11,13,75,NULL,'Duchess: \'flamingoes and mustard both bite. And the Gryphon answered, very nearly getting up and to wonder what they said. The executioner\'s argument was, that anything that looked like the Mock.',0,0,'1979-12-02 07:50:30'),(12,6,29,NULL,'Alice dodged behind a great thistle, to keep herself from being run over; and the moon, and memory, and muchness--you know you say \"What a pity!\"?\' the Rabbit angrily. \'Here! Come and help me out of.',0,1,'2006-04-20 11:35:27'),(13,69,98,NULL,'King triumphantly, pointing to the beginning of the what?\' said the Queen, tossing her head struck against the door, staring stupidly up into the jury-box, and saw that, in her life, and had just.',0,1,'2018-10-20 08:35:00'),(14,14,40,NULL,'Alice to find that she was looking down at her feet as the large birds complained that they would die. \'The trial cannot proceed,\' said the Pigeon; \'but if you\'ve seen them at dinn--\' she checked.',1,1,'1993-01-01 19:02:30'),(15,45,66,NULL,'Hatter. \'It isn\'t directed at all,\' said the Mock Turtle to sing \"Twinkle, twinkle, little bat! How I wonder what I eat\" is the use of this remark, and thought it over a little timidly: \'but it\'s no.',0,0,'2017-05-25 12:49:45'),(16,69,47,NULL,'At this moment Alice felt so desperate that she let the Dormouse denied nothing, being fast asleep. \'After that,\' continued the Hatter, who turned pale and fidgeted. \'Give your evidence,\' said the.',1,0,'1976-06-08 10:03:09'),(17,78,2,NULL,'I can listen all day about it!\' and he wasn\'t one?\' Alice asked. The Hatter was the matter on, What would become of me?\' Luckily for Alice, the little door was shut again, and did not look at it!\'.',0,1,'1985-01-06 00:03:25'),(18,7,65,NULL,'And oh, I wish you could keep it to half-past one as long as there seemed to have finished,\' said the White Rabbit, trotting slowly back again, and Alice heard the Queen said to the croquet-ground..',1,0,'1978-10-06 09:04:48'),(19,46,43,NULL,'Queen to-day?\' \'I should think it would all wash off in the sea, some children digging in the chimney as she had but to her feet, for it now, I suppose, by being drowned in my own tears! That WILL.',0,0,'1977-07-12 15:00:58'),(20,14,66,NULL,'Mouse, who seemed to Alice as he spoke, and added with a trumpet in one hand, and made a dreadfully ugly child: but it said in a large cat which was sitting on the Duchess\'s cook. She carried the.',0,0,'1971-10-18 07:06:34'),(21,52,98,NULL,'However, \'jury-men\' would have called him Tortoise because he was speaking, and this was of very little way forwards each time and a Long Tale They were indeed a queer-looking party that assembled.',1,1,'1981-06-23 22:43:05'),(22,26,76,NULL,'I\'ll stay down here! It\'ll be no use speaking to it,\' she thought, \'and hand round the court and got behind Alice as he spoke. \'UNimportant, of course, Alice could only see her. She is such a nice.',1,0,'1982-06-25 05:49:25'),(23,66,84,NULL,'I learn music.\' \'Ah! that accounts for it,\' said the Duchess, who seemed too much pepper in my life!\' She had just begun to think that very few little girls in my kitchen AT ALL. Soup does very well.',1,0,'1975-04-24 22:40:11'),(24,26,42,NULL,'Duchess said in a court of justice before, but she got up in a great hurry to change the subject. \'Go on with the bones and the King had said that day. \'No, no!\' said the cook. The King laid his.',1,1,'2014-06-28 02:41:20'),(25,62,20,NULL,'After these came the guests, mostly Kings and Queens, and among them Alice recognised the White Rabbit, who said in a very respectful tone, but frowning and making quite a commotion in the pool, and.',0,0,'1993-02-04 09:03:46'),(26,82,75,NULL,'Beautiful, beautiful Soup!\' CHAPTER XI. Who Stole the Tarts? The King laid his hand upon her arm, with its legs hanging down, but generally, just as if she meant to take the place of the busy.',0,0,'1991-11-18 23:27:52'),(27,94,87,NULL,'I BEG your pardon!\' cried Alice again, in a very decided tone: \'tell her something worth hearing. For some minutes the whole court was in confusion, getting the Dormouse went on, half to herself,.',1,1,'2011-04-27 08:50:08'),(28,3,62,NULL,'I don\'t know the meaning of it now in sight, and no room at all fairly,\' Alice began, in a fight with another dig of her age knew the name of nearly everything there. \'That\'s the first minute or.',1,0,'2005-02-16 05:01:26'),(29,84,17,NULL,'The Hatter looked at the sides of it, and they can\'t prove I did: there\'s no harm in trying.\' So she set to work nibbling at the beginning,\' the King say in a shrill, loud voice, and see how the.',0,0,'1982-04-19 02:06:34'),(30,2,29,NULL,'Lobster Quadrille is!\' \'No, indeed,\' said Alice. \'Who\'s making personal remarks now?\' the Hatter and the executioner went off like an arrow. The Cat\'s head began fading away the moment she felt that.',0,1,'1989-01-18 15:03:29'),(31,82,70,NULL,'Duchess, \'and that\'s the jury-box,\' thought Alice, \'and why it is you hate--C and D,\' she added in an angry tone, \'Why, Mary Ann, and be turned out of a candle is blown out, for she was quite pale.',0,0,'1995-10-06 01:56:25'),(32,76,59,NULL,'Alice. \'It must be the right height to be.\' \'It is wrong from beginning to feel very queer indeed:-- \'\'Tis the voice of the lefthand bit of the house!\' (Which was very provoking to find any. And yet.',1,1,'1989-05-11 12:48:14'),(33,71,82,NULL,'Dormouse!\' And they pinched it on both sides at once. The Dormouse shook its head impatiently, and walked two and two, as the Rabbit, and had just succeeded in curving it down \'important,\' and some.',1,1,'1978-05-21 09:42:19'),(34,24,17,NULL,'Dormouse\'s place, and Alice heard the Rabbit was no longer to be sure, this generally happens when you have just been reading about; and when Alice had no reason to be lost, as she could. \'No,\' said.',0,0,'1973-10-23 16:48:29'),(35,25,38,NULL,'The long grass rustled at her feet, for it to half-past one as long as there was silence for some time without interrupting it. \'They must go by the English, who wanted leaders, and had been broken.',1,0,'1995-05-27 14:11:32'),(36,82,76,NULL,'I am in the lock, and to stand on your shoes and stockings for you now, dears? I\'m sure I don\'t take this young lady tells us a story.\' \'I\'m afraid I don\'t take this child away with me,\' thought.',1,0,'2015-06-16 03:19:05'),(37,36,8,NULL,'She pitied him deeply. \'What is it?\' The Gryphon lifted up both its paws in surprise. \'What! Never heard of \"Uglification,\"\' Alice ventured to ask. \'Suppose we change the subject. \'Ten hours the.',0,0,'1972-02-11 07:21:46'),(38,52,1,NULL,'I wonder?\' As she said to herself, \'after such a curious dream!\' said Alice, \'because I\'m not the smallest notice of them with one finger, as he came, \'Oh! the Duchess, \'chop off her knowledge, as.',1,0,'1980-02-05 09:53:12'),(39,91,78,NULL,'ME, and told me you had been broken to pieces. \'Please, then,\' said Alice, feeling very glad she had plenty of time as she did not look at it!\' This speech caused a remarkable sensation among the.',0,1,'1981-04-20 22:23:15'),(40,43,52,NULL,'The hedgehog was engaged in a furious passion, and went on growing, and growing, and she was small enough to look for her, and she crossed her hands on her hand, and Alice was only a child!\' The.',1,1,'1984-07-20 22:39:42'),(41,97,24,NULL,'Cat, and vanished again. Alice waited a little, half expecting to see what was the White Rabbit cried out, \'Silence in the house till she shook the house, and the blades of grass, but she knew that.',0,1,'2006-12-22 22:41:59'),(42,26,91,NULL,'Mary Ann, what ARE you talking to?\' said one of the house, and have next to her. The Cat seemed to be a lesson to you never even spoke to Time!\' \'Perhaps not,\' Alice replied eagerly, for she felt.',0,1,'1995-10-17 23:35:16'),(43,11,29,NULL,'Duchess replied, in a deep voice, \'are done with a growl, And concluded the banquet--] \'What IS a long hookah, and taking not the smallest notice of her voice. Nobody moved. \'Who cares for you?\'.',0,0,'1980-05-27 00:28:06'),(44,52,95,NULL,'I\'m angry. Therefore I\'m mad.\' \'I call it sad?\' And she squeezed herself up and picking the daisies, when suddenly a footman in livery came running out of their hearing her; and the Queen, and.',1,1,'1976-02-18 14:06:07'),(45,45,54,NULL,'I can\'t remember,\' said the Mouse to Alice for protection. \'You shan\'t be able! I shall never get to twenty at that rate! However, the Multiplication Table doesn\'t signify: let\'s try Geography..',1,0,'2014-12-27 13:47:41'),(46,24,26,NULL,'Mock Turtle: \'crumbs would all wash off in the distance, and she hurried out of its little eyes, but it had entirely disappeared; so the King say in a great hurry to change the subject. \'Go on with.',1,0,'2015-11-01 14:27:43'),(47,23,99,NULL,'There\'s no pleasing them!\' Alice was too much pepper in my time, but never ONE with such a long argument with the Lory, with a trumpet in one hand and a Long Tale They were just beginning to grow up.',1,1,'2016-03-31 12:17:32'),(48,85,94,NULL,'I to get out at the beginning,\' the King said, with a whiting. Now you know.\' Alice had begun to dream that she knew the right size again; and the other two were using it as a lark, And will talk in.',0,0,'1978-03-16 12:56:32'),(49,81,9,NULL,'I beat him when he sneezes: He only does it matter to me whether you\'re nervous or not.\' \'I\'m a poor man, your Majesty,\' the Hatter went on muttering over the edge of her knowledge. \'Just think of.',1,0,'1989-08-27 14:31:01'),(50,10,6,NULL,'Let this be a Caucus-race.\' \'What IS a Caucus-race?\' said Alice; \'I might as well wait, as she could, \'If you please, sir--\' The Rabbit Sends in a very grave voice, \'until all the children she knew,.',1,1,'2008-09-03 00:06:45'),(51,46,92,10,'Alice glanced rather anxiously at the Gryphon answered, very nearly in the back. However, it was all ridges and furrows; the balls were live hedgehogs, the mallets live flamingoes, and the little.',0,0,'1985-10-11 05:06:33'),(52,81,82,4,'YET,\' she said to the shore. CHAPTER III. A Caucus-Race and a fall, and a Long Tale They were indeed a queer-looking party that assembled on the bank--the birds with draggled feathers, the animals.',0,1,'1997-05-31 23:28:33'),(53,99,32,10,'Alice desperately: \'he\'s perfectly idiotic!\' And she tried the effect of lying down with wonder at the bottom of a book,\' thought Alice \'without pictures or conversations?\' So she began: \'O Mouse,.',1,1,'1996-10-22 14:12:49'),(54,82,90,8,'There\'s no pleasing them!\' Alice was beginning to end,\' said the King, the Queen, and Alice, were in custody and under sentence of execution.\' \'What for?\' said the Cat. \'I don\'t think--\' \'Then you.',1,1,'2007-06-08 18:22:24'),(55,9,24,7,'You MUST have meant some mischief, or else you\'d have signed your name like an honest man.\' There was no label this time she found herself in a tone of this rope--Will the roof of the Lizard\'s.',0,1,'1990-05-26 02:45:57'),(56,41,6,4,'Alice, looking down at once, while all the while, till at last it unfolded its arms, took the hookah out of the Lobster Quadrille?\' the Gryphon at the top of her head through the wood. \'It\'s the.',1,1,'2007-06-07 07:56:17'),(57,48,67,6,'LOVE). Oh dear, what nonsense I\'m talking!\' Just then she noticed that one of the garden: the roses growing on it but tea. \'I don\'t see how the Dodo in an offended tone. And the Gryphon went on,.',0,1,'2000-12-08 07:33:24'),(58,96,59,7,'I\'ll kick you down stairs!\' \'That is not said right,\' said the White Rabbit was still in existence; \'and now for the Dormouse,\' thought Alice; \'only, as it\'s asleep, I suppose Dinah\'ll be sending me.',0,1,'1997-05-27 21:51:45'),(59,96,48,6,'So they sat down, and felt quite strange at first; but she thought it would be grand, certainly,\' said Alice in a tone of delight, and rushed at the end.\' \'If you didn\'t sign it,\' said Alice a good.',0,0,'1976-10-16 03:38:33'),(60,53,41,9,'I\'m mad.\' \'I call it purring, not growling,\' said Alice. \'Nothing WHATEVER?\' persisted the King. \'Nothing whatever,\' said Alice. \'Why?\' \'IT DOES THE BOOTS AND SHOES.\' the Gryphon answered, very.',1,1,'1981-01-26 22:06:38'),(61,1,77,7,'I think?\' \'I had NOT!\' cried the Mock Turtle; \'but it sounds uncommon nonsense.\' Alice said with a great hurry. \'You did!\' said the Caterpillar seemed to be a grin, and she very seldom followed it),.',1,0,'1981-02-09 14:45:49'),(62,66,24,9,'SAID was, \'Why is a long hookah, and taking not the smallest idea how confusing it is almost certain to disagree with you, sooner or later. However, this bottle does. I do it again and again.\' \'You.',0,0,'1978-04-16 07:40:16'),(63,75,51,1,'For this must ever be A secret, kept from all the time they were trying which word sounded best. Some of the court. All this time she had got so close to her, And mentioned me to sell you a present.',1,1,'2002-07-21 22:09:18'),(64,17,56,7,'Footman continued in the world go round!\"\' \'Somebody said,\' Alice whispered, \'that it\'s done by everybody minding their own business!\' \'Ah, well! It means much the same solemn tone, only changing.',1,0,'1976-02-14 00:22:58'),(65,59,27,4,'Alice in a melancholy way, being quite unable to move. She soon got it out to her great disappointment it was only the pepper that makes the world am I? Ah, THAT\'S the great puzzle!\' And she went.',0,0,'1995-02-03 19:57:00'),(66,61,5,9,'Alice thoughtfully: \'but then--I shouldn\'t be hungry for it, he was speaking, and this time with the Lory, who at last came a little sharp bark just over her head struck against the roof was.',0,0,'1990-07-15 18:34:01'),(67,18,42,2,'So she began thinking over all she could guess, she was playing against herself, for this time she had nothing else to do, and in THAT direction,\' waving the other side. The further off from England.',0,1,'1999-12-14 01:34:28'),(68,86,17,1,'I\'ve often seen them so often, you know.\' Alice had been for some way of expressing yourself.\' The baby grunted again, so violently, that she was near enough to look at it!\' This speech caused a.',1,1,'1987-10-29 11:21:48'),(69,74,68,8,'First, because I\'m on the bank, with her head! Off--\' \'Nonsense!\' said Alice, \'I\'ve often seen them so often, of course had to be rude, so she turned away. \'Come back!\' the Caterpillar took the.',1,0,'1980-12-09 06:15:51'),(70,6,83,NULL,'So they sat down, and felt quite strange at first; but she felt a violent shake at the jury-box, and saw that, in her head, and she was nine feet high, and she did not dare to laugh; and, as there.',1,0,'1989-03-09 08:53:30'),(71,91,47,NULL,'IS it to make out who I am! But I\'d better take him his fan and a pair of gloves and the words \'DRINK ME,\' but nevertheless she uncorked it and put it right; \'not that it was certainly too much.',0,0,'1991-11-26 02:21:36'),(72,88,39,NULL,'Alice as she was beginning to write this down on their faces, and the pair of white kid gloves while she ran, as well say,\' added the Gryphon, with a little scream, half of fright and half believed.',1,1,'2003-08-29 00:20:13'),(73,14,83,NULL,'I could say if I might venture to say \'Drink me,\' but the great puzzle!\' And she began very cautiously: \'But I don\'t keep the same thing a bit!\' said the Dormouse; \'--well in.\' This answer so.',1,0,'1997-06-26 06:44:37'),(74,97,9,NULL,'Mock Turtle. \'Hold your tongue!\' said the King, rubbing his hands; \'so now let the Dormouse turned out, and, by the pope, was soon left alone. \'I wish the creatures argue. It\'s enough to try the.',0,1,'1999-05-20 12:47:40'),(75,30,50,NULL,'Classics master, though. He was an old Crab took the place of the room again, no wonder she felt sure it would not open any of them. However, on the ground near the house before she came up to the.',0,0,'2015-05-31 15:19:14'),(76,49,31,NULL,'Writhing, of course, to begin with,\' the Mock Turtle, \'but if you\'ve seen them so shiny?\' Alice looked very uncomfortable. The first witness was the BEST butter, you know.\' \'I don\'t think--\' \'Then.',0,1,'2005-07-19 16:01:57'),(77,26,15,NULL,'Mock Turtle said with some curiosity. \'What a funny watch!\' she remarked. \'It tells the day of the other side will make you dry enough!\' They all sat down again into its eyes again, to see the.',0,1,'1980-11-21 03:45:56'),(78,54,1,NULL,'CHAPTER XII. Alice\'s Evidence \'Here!\' cried Alice, with a table set out under a tree in the after-time, be herself a grown woman; and how she was saying, and the pool a little pattering of feet in.',1,1,'1970-12-20 13:01:46'),(79,66,71,NULL,'Alice; but she did not much larger than a real nose; also its eyes were nearly out of court! Suppress him! Pinch him! Off with his head!\' or \'Off with her friend. When she got up, and reduced the.',0,0,'2007-02-12 18:20:27'),(80,56,25,NULL,'March Hare took the thimble, looking as solemn as she heard a little three-legged table, all made of solid glass; there was a large arm-chair at one and then all the things get used to it as you.',1,1,'2003-07-14 06:55:00'),(81,97,17,NULL,'Half-past one, time for dinner!\' (\'I only wish people knew that: then they wouldn\'t be so stingy about it, and found quite a conversation of it in a furious passion, and went stamping about, and.',1,1,'1977-09-21 05:10:10'),(82,29,14,NULL,'Alice thought the whole window!\' \'Sure, it does, yer honour: but it\'s an arm for all that.\' \'Well, it\'s got no sorrow, you know. But do cats eat bats, I wonder?\' And here Alice began in a great many.',1,0,'2016-09-13 16:50:58'),(83,58,14,NULL,'Queen say only yesterday you deserved to be treated with respect. \'Cheshire Puss,\' she began, rather timidly, saying to her chin in salt water. Her first idea was that you never to lose YOUR.',1,1,'1973-05-09 07:45:43'),(84,30,31,NULL,'RED rose-tree, and we put a white one in by mistake; and if it had fallen into a sort of life! I do hope it\'ll make me grow large again, for really I\'m quite tired and out of the creature, but on.',0,1,'1995-01-22 05:01:41'),(85,82,36,NULL,'What would become of me? They\'re dreadfully fond of beheading people here; the great concert given by the whole window!\' \'Sure, it does, yer honour: but it\'s an arm for all that.\' \'With extras?\'.',0,0,'1993-12-07 21:44:16'),(86,13,72,NULL,'Alice put down the little golden key and hurried off at once, while all the first figure,\' said the King, the Queen, \'and take this young lady tells us a story.\' \'I\'m afraid I am, sir,\' said Alice;.',0,0,'2006-02-07 06:18:32'),(87,82,1,NULL,'That he met in the lap of her own ears for having missed their turns, and she told her sister, who was peeping anxiously into her eyes; and once she remembered trying to explain the mistake it had.',1,1,'2000-11-26 06:40:20'),(88,11,95,NULL,'Gryphon, and the reason and all the time he was going to remark myself.\' \'Have you seen the Mock Turtle is.\' \'It\'s the thing at all. \'But perhaps it was growing, and growing, and growing, and she.',1,0,'1988-08-25 20:47:38'),(89,83,8,NULL,'CHAPTER VI. Pig and Pepper For a minute or two, and the Queen to-day?\' \'I should like to see that queer little toss of her going, though she knew the meaning of half an hour or so there were no.',1,1,'2006-12-01 12:17:59'),(90,3,13,NULL,'Hatter, \'I cut some more bread-and-butter--\' \'But what did the archbishop find?\' The Mouse gave a look askance-- Said he thanked the whiting kindly, but he could think of any use, now,\' thought.',1,1,'2005-04-01 04:42:11'),(91,57,52,NULL,'Alice panted as she swam about, trying to explain it as to size,\' Alice hastily replied; \'only one doesn\'t like changing so often, of course had to double themselves up and ran till she got up, and.',0,0,'1975-11-04 19:50:30'),(92,43,83,NULL,'I must be shutting up like telescopes: this time it vanished quite slowly, beginning with the clock. For instance, if you drink much from a bottle marked \'poison,\' it is right?\' \'In my youth,\'.',1,0,'1976-03-29 11:46:57'),(93,66,97,NULL,'I only knew how to speak with. Alice waited a little, half expecting to see what was coming. It was the matter worse. You MUST have meant some mischief, or else you\'d have signed your name like an.',0,1,'1998-08-25 18:35:15'),(94,83,31,NULL,'Caterpillar. This was such a thing. After a while, finding that nothing more to come, so she helped herself to some tea and bread-and-butter, and then raised himself upon tiptoe, put his shoes on..',1,1,'1970-01-16 07:39:00'),(95,67,39,NULL,'So you see, because some of them at last, more calmly, though still sobbing a little animal (she couldn\'t guess of what sort it was) scratching and scrambling about in the distance, sitting sad and.',1,0,'1975-07-07 05:45:10'),(96,55,63,NULL,'I know who I am! But I\'d better take him his fan and the game was going to do such a wretched height to be.\' \'It is wrong from beginning to get dry again: they had at the bottom of a tree. \'Did you.',0,1,'2015-04-19 05:28:01'),(97,55,84,NULL,'Alice got up very carefully, nibbling first at one and then said \'The fourth.\' \'Two days wrong!\' sighed the Lory, who at last turned sulky, and would only say, \'I am older than you, and listen to.',0,0,'1996-05-11 01:38:35'),(98,77,12,NULL,'Pigeon; \'but I must have been that,\' said the Queen. \'Can you play croquet with the glass table and the Hatter replied. \'Of course they were\', said the Cat, and vanished again. Alice waited till she.',1,0,'2014-11-04 14:27:38'),(99,98,7,NULL,'Please, Ma\'am, is this New Zealand or Australia?\' (and she tried another question. \'What sort of way, \'Do cats eat bats, I wonder?\' As she said to the little passage: and THEN--she found herself.',1,0,'2014-05-22 02:22:40'),(100,43,79,NULL,'Alice had learnt several things of this elegant thimble\'; and, when it saw mine coming!\' \'How do you want to get through the door, and knocked. \'There\'s no sort of present!\' thought Alice. \'I\'m glad.',0,0,'1998-08-29 09:28:01');
/*!40000 ALTER TABLE `messages` ENABLE KEYS */;
UNLOCK TABLES;

--
-- Table structure for table `posts`
--

DROP TABLE IF EXISTS `posts`;
/*!40101 SET @saved_cs_client     = @@character_set_client */;
/*!50503 SET character_set_client = utf8mb4 */;
CREATE TABLE `posts` (
  `id` int unsigned NOT NULL AUTO_INCREMENT,
  `media_id` int unsigned DEFAULT NULL,
  `user_id` int unsigned NOT NULL,
  `head` varchar(255) DEFAULT NULL,
  `body` mediumtext,
  `created_at` datetime DEFAULT CURRENT_TIMESTAMP,
  `updated_at` datetime DEFAULT CURRENT_TIMESTAMP ON UPDATE CURRENT_TIMESTAMP,
  PRIMARY KEY (`id`)
) ENGINE=InnoDB DEFAULT CHARSET=utf8mb4 COLLATE=utf8mb4_0900_ai_ci;
/*!40101 SET character_set_client = @saved_cs_client */;

--
-- Dumping data for table `posts`
--

LOCK TABLES `posts` WRITE;
/*!40000 ALTER TABLE `posts` DISABLE KEYS */;
/*!40000 ALTER TABLE `posts` ENABLE KEYS */;
UNLOCK TABLES;

--
-- Table structure for table `profiles`
--

DROP TABLE IF EXISTS `profiles`;
/*!40101 SET @saved_cs_client     = @@character_set_client */;
/*!50503 SET character_set_client = utf8mb4 */;
CREATE TABLE `profiles` (
  `user_id` int unsigned NOT NULL,
  `birthdate` date DEFAULT NULL,
  `gender` char(1) CHARACTER SET utf8 COLLATE utf8_unicode_ci NOT NULL,
  `hometown` varchar(100) CHARACTER SET utf8 COLLATE utf8_unicode_ci DEFAULT NULL,
  `country` varchar(100) CHARACTER SET utf8 COLLATE utf8_unicode_ci DEFAULT NULL,
  `photo_id` int unsigned DEFAULT NULL,
  `created_at` datetime DEFAULT CURRENT_TIMESTAMP,
  `updated_at` datetime DEFAULT CURRENT_TIMESTAMP ON UPDATE CURRENT_TIMESTAMP,
  PRIMARY KEY (`user_id`)
) ENGINE=InnoDB DEFAULT CHARSET=utf8 COLLATE=utf8_unicode_ci;
/*!40101 SET character_set_client = @saved_cs_client */;

--
-- Dumping data for table `profiles`
--

LOCK TABLES `profiles` WRITE;
/*!40000 ALTER TABLE `profiles` DISABLE KEYS */;
INSERT INTO `profiles` VALUES (1,'1980-01-31','f','Alexandrofort','Nepal',68,'1989-01-29 12:46:18','2020-02-20 16:15:45'),(2,'2017-06-07','f','Adamstown','Bahamas',62,'1996-12-24 02:32:00','2020-02-20 16:15:45'),(3,'1989-08-15','m','Heavenberg','American Samoa',38,'2005-10-18 06:09:49','2020-02-20 16:15:45'),(4,'1973-08-18','m','New Nikki','Malawi',24,'1987-10-10 11:14:19','2020-02-20 16:15:45'),(5,'1993-07-19','m','South Otto','Zimbabwe',39,'2001-11-19 22:16:56','2020-02-20 16:15:45'),(6,'1974-10-17','m','Ornstad','New Zealand',45,'1990-09-17 13:40:34','2020-02-20 16:15:45'),(7,'2000-05-14','m','New Budburgh','Micronesia',95,'1996-02-02 07:36:57','2020-02-20 16:15:45'),(8,'2008-06-18','f','South Isabelle','Bosnia and Herzegovina',36,'2014-11-12 03:55:22','2020-02-20 16:15:45'),(9,'1999-10-03','m','Moenberg','Cote d\'Ivoire',99,'2019-03-15 19:12:59','2020-02-20 16:15:45'),(10,'1988-12-18','f','Lake Jeremy','New Zealand',80,'1978-11-02 13:01:40','2020-02-20 16:15:45'),(11,'2012-03-06','m','O\'Konborough','Sao Tome and Principe',73,'1971-04-18 00:00:21','2020-02-20 16:15:45'),(12,'1973-12-01','f','Olsonton','Norway',7,'1991-09-11 12:21:41','2020-02-20 16:15:45'),(13,'2013-06-21','m','Port Macyside','Georgia',53,'2013-08-16 05:30:41','2020-02-20 16:15:45'),(14,'1978-10-14','f','Gutmannstad','Netherlands Antilles',86,'2008-07-13 10:04:17','2020-02-20 16:15:45'),(15,'1988-04-27','f','Alexandreaborough','Madagascar',78,'1976-10-04 22:59:20','2020-02-20 16:15:45'),(16,'1984-03-05','m','Carolinefurt','Korea',6,'1988-09-28 08:57:18','2020-02-20 16:15:45'),(17,'2009-06-23','f','Braunhaven','Congo',31,'1991-10-16 15:49:44','2020-02-20 16:15:45'),(18,'1973-06-10','f','Reichertview','Taiwan',67,'1986-03-06 15:22:48','2020-02-20 16:15:45'),(19,'1978-05-17','f','Howellbury','Somalia',32,'2008-08-06 14:30:40','2020-02-20 16:15:45'),(20,'1991-01-14','m','Kutchland','Djibouti',93,'1978-08-30 19:50:35','2020-02-20 16:15:45'),(21,'1985-02-12','m','Blancaborough','Montserrat',78,'2001-04-17 15:03:49','2020-02-20 16:15:45'),(22,'2012-07-15','m','South Gussiefort','Myanmar',57,'1992-05-07 00:22:45','2020-02-20 16:15:45'),(23,'1999-11-09','f','Port Bentonburgh','Andorra',70,'1973-08-10 19:54:10','2020-02-20 16:15:45'),(24,'1995-11-28','m','South Jayce','Montserrat',38,'1994-07-05 12:41:43','2020-02-20 16:15:45'),(25,'1987-11-11','m','North Amelie','Saudi Arabia',91,'1986-01-19 09:51:09','2020-02-20 16:15:45'),(26,'2014-03-14','m','Hegmannview','Heard Island and McDonald Islands',47,'2004-02-17 20:15:45','2020-02-20 16:15:45'),(27,'1985-04-30','f','Janborough','South Georgia and the South Sandwich Islands',61,'2003-12-27 14:48:37','2020-02-20 16:15:45'),(28,'2001-10-22','m','North Edmondview','Dominican Republic',92,'1997-04-12 08:34:30','2020-02-20 16:15:45'),(29,'2011-05-29','m','Mooretown','Jersey',25,'2018-04-05 02:16:46','2020-02-20 16:15:45'),(30,'2015-01-21','f','Port Rosie','Saint Vincent and the Grenadines',80,'1978-07-24 13:45:23','2020-02-20 16:15:45'),(31,'1997-11-01','f','Kuhnton','Cape Verde',46,'1972-01-17 09:55:52','2020-02-20 16:15:45'),(32,'1975-03-12','f','Giannimouth','Cuba',93,'2002-07-11 16:17:17','2020-02-20 16:15:45'),(33,'2010-02-27','m','Sawaynstad','Morocco',41,'1997-09-02 04:24:09','2020-02-20 16:15:45'),(34,'1996-08-31','m','New Magnoliastad','Uruguay',83,'1970-02-08 14:46:27','2020-02-20 16:15:45'),(35,'2016-08-17','f','East Daphne','Argentina',16,'1995-02-18 16:01:00','2020-02-20 16:15:45'),(36,'1977-09-10','f','West Wiltontown','Georgia',80,'2000-12-09 20:49:31','2020-02-20 16:15:45'),(37,'2012-05-31','f','Harrisview','Bosnia and Herzegovina',28,'2016-05-26 17:30:18','2020-02-20 16:15:45'),(38,'2001-08-14','f','South William','Norfolk Island',10,'2007-10-22 04:53:19','2020-02-20 16:15:45'),(39,'2016-06-27','f','Estherburgh','Albania',15,'2013-05-04 00:48:00','2020-02-20 16:15:45'),(40,'2015-06-13','f','East Alvisfort','Nauru',26,'1990-10-03 01:02:41','2020-02-20 16:15:45'),(41,'1972-02-05','f','Macejkovicmouth','British Virgin Islands',90,'1989-01-03 03:47:53','2020-02-20 16:15:45'),(42,'1982-08-19','f','West Danachester','Somalia',87,'1992-04-02 06:34:13','2020-02-20 16:15:45'),(43,'2004-10-05','f','Lake Lamont','Angola',33,'1980-02-02 09:25:50','2020-02-20 16:15:45'),(44,'1988-01-12','m','West Jessie','Japan',43,'1976-04-05 16:21:27','2020-02-20 16:15:45'),(45,'2009-11-29','f','Kesslerfort','Falkland Islands (Malvinas)',72,'1975-05-25 18:16:30','2020-02-20 16:15:45'),(46,'2008-11-18','f','Assuntaburgh','Barbados',10,'1980-11-26 22:40:25','2020-02-20 16:15:45'),(47,'2018-07-21','f','North Dejaton','Iran',48,'2007-02-08 09:31:16','2020-02-20 16:15:45'),(48,'1997-07-27','m','Port Dionview','Switzerland',3,'2014-04-13 14:32:13','2020-02-20 16:15:45'),(49,'1976-01-26','m','Ariannaburgh','Burundi',77,'2017-10-30 20:11:27','2020-02-20 16:15:45'),(50,'1974-09-28','m','New Siennamouth','Antarctica (the territory South of 60 deg S)',80,'2012-08-22 23:29:52','2020-02-20 16:15:45'),(51,'1994-12-02','f','North Alexie','Macao',96,'2000-02-21 08:34:22','2020-02-20 16:15:45'),(52,'2008-10-26','f','North Freemanchester','Dominican Republic',54,'2010-02-19 04:35:55','2020-02-20 16:15:45'),(53,'1999-05-16','m','Port Jabari','Zimbabwe',36,'2002-02-18 22:53:01','2020-02-20 16:15:45'),(54,'2013-03-02','m','Rowemouth','Kenya',65,'1970-06-11 18:43:41','2020-02-20 16:15:45'),(55,'2007-06-06','m','East Kristopherhaven','Zambia',92,'1993-04-19 23:28:48','2020-02-20 16:15:45'),(56,'1978-03-10','f','Wuckerthaven','Pitcairn Islands',27,'1978-12-07 09:31:13','2020-02-20 16:15:45'),(57,'1971-09-23','f','Lakinview','Wallis and Futuna',12,'1986-03-16 05:43:33','2020-02-20 16:15:45'),(58,'1973-02-15','f','East Leifton','Taiwan',52,'2013-08-29 16:09:41','2020-02-20 16:15:45'),(59,'1984-12-25','m','Peteport','Pitcairn Islands',19,'1995-12-04 14:21:45','2020-02-20 16:15:45'),(60,'1981-09-01','f','New Kameronside','Bouvet Island (Bouvetoya)',36,'1992-08-28 15:06:21','2020-02-20 16:15:45'),(61,'1975-11-10','m','Lake Brayan','Australia',32,'1971-08-27 09:01:15','2020-02-20 16:15:45'),(62,'2012-05-06','m','Ornburgh','Samoa',64,'1994-04-07 14:17:54','2020-02-20 16:15:45'),(63,'2018-08-25','m','Lake Dolores','Switzerland',28,'1996-06-03 11:19:02','2020-02-20 16:15:45'),(64,'2005-02-12','f','Nolanmouth','United Kingdom',72,'1988-03-19 22:33:37','2020-02-20 16:15:45'),(65,'2017-04-30','f','Fritschview','Trinidad and Tobago',47,'1985-12-05 10:00:19','2020-02-20 16:15:45'),(66,'1980-04-16','m','Vadabury','Mauritania',44,'2011-09-17 16:48:16','2020-02-20 16:15:45'),(67,'2009-04-25','m','North Berry','Maldives',51,'1971-12-26 12:57:38','2020-02-20 16:15:45'),(68,'1998-09-23','f','Waelchiland','Uganda',74,'1991-11-10 03:14:47','2020-02-20 16:15:45'),(69,'2019-06-02','m','Abshirehaven','Pitcairn Islands',54,'2006-09-26 15:07:34','2020-02-20 16:15:45'),(70,'1982-05-03','f','East Kaileyfurt','Guinea-Bissau',66,'1975-11-25 05:55:46','2020-02-20 16:15:45'),(71,'1983-01-12','f','West Maximilian','Bahamas',100,'1984-02-26 23:53:49','2020-02-20 16:15:45'),(72,'2018-01-04','f','Port Nayelishire','Germany',43,'2012-05-02 07:06:01','2020-02-20 16:15:45'),(73,'2006-06-04','f','North Abbychester','Paraguay',52,'1986-01-22 05:57:23','2020-02-20 16:15:45'),(74,'2010-04-09','f','Milfordbury','Chad',32,'2011-12-30 10:41:12','2020-02-20 16:15:45'),(75,'1975-09-16','f','Huelsville','Papua New Guinea',86,'1983-05-22 13:22:13','2020-02-20 16:15:45'),(76,'1976-08-03','f','Wendystad','Tuvalu',24,'2010-11-20 09:17:44','2020-02-20 16:15:45'),(77,'1973-08-20','f','Port Paytonville','Turkey',42,'1997-07-03 20:35:51','2020-02-20 16:15:45'),(78,'2018-05-17','f','Lake Lincolntown','Paraguay',33,'1976-05-21 14:46:27','2020-02-20 16:15:45'),(79,'2010-11-19','f','Walshhaven','Italy',27,'1991-07-22 07:52:35','2020-02-20 16:15:45'),(80,'1980-07-01','f','East Odell','Zambia',18,'2018-05-16 16:04:52','2020-02-20 16:15:45'),(81,'1974-09-19','f','South Cordie','Burundi',12,'1973-09-15 09:02:35','2020-02-20 16:15:45'),(82,'1976-09-24','m','New Leslyton','France',22,'2003-07-24 12:55:00','2020-02-20 16:15:45'),(83,'1974-10-22','m','Jaquelinebury','Croatia',72,'1978-01-15 13:40:56','2020-02-20 16:15:45'),(84,'2015-04-26','m','East Reilly','Mozambique',48,'1998-12-03 12:11:14','2020-02-20 16:15:45'),(85,'1982-11-17','f','South Jude','Niger',87,'1985-08-21 14:45:58','2020-02-20 16:15:45'),(86,'1973-10-19','m','Kundeville','Montserrat',63,'2001-04-04 02:23:03','2020-02-20 16:15:45'),(87,'2016-10-19','m','South Nikki','Antigua and Barbuda',74,'1973-06-16 04:46:29','2020-02-20 16:15:45'),(88,'1970-10-12','m','Lakinhaven','Reunion',98,'2006-07-23 15:30:47','2020-02-20 16:15:45'),(89,'2016-08-21','f','Goyettetown','Congo',15,'2010-08-09 23:39:07','2020-02-20 16:15:45'),(90,'1979-10-11','f','Lake Natashaview','Norway',92,'1996-11-16 20:40:34','2020-02-20 16:15:45'),(91,'1974-07-16','f','Fisherside','Honduras',33,'1987-01-12 14:38:48','2020-02-20 16:15:45'),(92,'1994-02-21','m','Leuschketon','Senegal',46,'2005-01-26 05:20:53','2020-02-20 16:15:45'),(93,'1972-08-25','f','New Domenicostad','Guadeloupe',56,'1992-03-14 01:28:02','2020-02-20 16:15:45'),(94,'1992-05-22','m','East Braxtonland','France',61,'2008-09-04 20:25:27','2020-02-20 16:15:45'),(95,'1985-06-21','f','East Londonstad','Zimbabwe',17,'1982-12-10 08:01:16','2020-02-20 16:15:45'),(96,'2006-10-01','m','Lednermouth','Guyana',2,'2003-10-14 08:37:41','2020-02-20 16:15:45'),(97,'2005-07-04','f','Lake Alvera','Wallis and Futuna',4,'2014-12-04 12:35:25','2020-02-20 16:15:45'),(98,'1981-06-17','m','West Veronaburgh','Czech Republic',68,'1984-11-01 18:57:54','2020-02-20 16:15:45'),(99,'1994-04-28','f','Port Cassandrastad','Zimbabwe',75,'2006-10-10 05:09:21','2020-02-20 16:15:45'),(100,'2017-03-15','f','Hirtheburgh','Argentina',58,'2012-04-28 18:51:33','2020-02-20 16:15:45');
/*!40000 ALTER TABLE `profiles` ENABLE KEYS */;
UNLOCK TABLES;

--
-- Table structure for table `users`
--

DROP TABLE IF EXISTS `users`;
/*!40101 SET @saved_cs_client     = @@character_set_client */;
/*!50503 SET character_set_client = utf8mb4 */;
CREATE TABLE `users` (
  `id` int unsigned NOT NULL AUTO_INCREMENT,
  `first_name` varchar(100) CHARACTER SET utf8 COLLATE utf8_unicode_ci NOT NULL,
  `last_name` varchar(100) CHARACTER SET utf8 COLLATE utf8_unicode_ci NOT NULL,
  `email` varchar(120) CHARACTER SET utf8 COLLATE utf8_unicode_ci NOT NULL,
  `phone` varchar(15) CHARACTER SET utf8 COLLATE utf8_unicode_ci NOT NULL,
  `password` varchar(15) CHARACTER SET utf8 COLLATE utf8_unicode_ci DEFAULT NULL,
  `created_at` datetime DEFAULT CURRENT_TIMESTAMP,
  `updated_at` datetime DEFAULT CURRENT_TIMESTAMP ON UPDATE CURRENT_TIMESTAMP,
  PRIMARY KEY (`id`),
  UNIQUE KEY `email` (`email`),
  UNIQUE KEY `phone` (`phone`)
) ENGINE=InnoDB AUTO_INCREMENT=101 DEFAULT CHARSET=utf8 COLLATE=utf8_unicode_ci;
/*!40101 SET character_set_client = @saved_cs_client */;

--
-- Dumping data for table `users`
--

LOCK TABLES `users` WRITE;
/*!40000 ALTER TABLE `users` DISABLE KEYS */;
INSERT INTO `users` VALUES (1,'Shawna','Schmidt','elegros@example.org','(109)212-4671x7','9ee774f0c8fa64f','1997-01-14 10:07:14','2018-05-11 12:25:19'),(2,'Eulalia','Rosenbaum','suzanne.schultz@example.com','970-143-6091','a9938e924cf9eb6','2002-03-13 11:58:45','2020-02-20 12:16:03'),(3,'Joel','Grady','ross.ritchie@example.org','254.328.5235x24','f38a061b9e62134','1975-04-21 04:41:37','2020-02-20 12:16:03'),(4,'Ferne','Schowalter','vkuhlman@example.org','662.476.7110x21','000d71b0348e6ca','1974-07-22 06:53:24','2020-02-20 12:16:03'),(5,'Myles','Boyle','hrutherford@example.org','+50(7)085214566','89d99333a5ca7d2','1988-09-17 10:11:23','2012-06-18 19:17:45'),(6,'Marina','Hackett','aidan91@example.org','529-558-4133x74','cd173e7c179912e','1980-03-19 10:54:37','2020-02-20 12:16:03'),(7,'Rodrick','Maggio','mallory60@example.org','+85(5)255676662','88f216aa9e79d30','1986-05-20 21:02:56','1998-10-22 08:28:58'),(8,'Kayla','Kozey','anais73@example.net','01203274385','9721d90f13b16a3','1971-11-28 04:38:41','1991-03-26 21:04:12'),(9,'Earl','Tillman','maegan.huel@example.org','539-167-8713','de6a62d2fb8e539','2002-03-05 10:52:39','2020-02-20 12:16:03'),(10,'Marques','Ortiz','charlotte45@example.com','492-152-5052x09','1a7b57ac36ff8bf','1979-04-05 12:06:14','2020-02-20 12:16:03'),(11,'Elena','Fay','gudrun56@example.org','686-801-3185x71','d007de1de159d7a','1974-08-11 04:54:35','2020-02-20 12:16:03'),(12,'Hazel','Bogan','qbailey@example.org','654-744-7412','83fdb374f778450','1970-03-30 06:54:24','1987-10-23 08:38:07'),(13,'Nash','Pacocha','gabriel90@example.com','059-329-1048','b125c3d58c83178','2000-04-15 22:01:40','2020-02-20 12:16:03'),(14,'Lindsay','Conn','cstreich@example.org','+56(5)972395806','bf980ca4a930f55','1970-04-25 09:23:23','2009-10-22 23:18:05'),(15,'Ettie','Schamberger','marquardt.delta@example.net','234-323-5669','9a5de2f971e6d42','1992-07-26 06:15:31','1994-01-11 00:48:36'),(16,'Asia','Kuhlman','paige.roberts@example.net','233.488.6756x07','719251c9b433087','1984-09-27 08:42:57','2000-02-03 00:10:22'),(17,'Jordy','West','hudson.tia@example.org','(362)545-4088x5','d36a823744d39ee','1990-01-16 20:23:24','2017-03-25 02:28:25'),(18,'Lincoln','Lockman','eunice10@example.com','517.570.6181','7bf0da219fcdba0','1982-08-15 07:25:27','1999-05-11 12:48:14'),(19,'Newton','Gibson','darwin.pfeffer@example.com','(096)503-1617x6','49dbbcfeff5a9d6','1971-04-14 17:33:24','2004-11-17 05:44:42'),(20,'Claud','Kub','kattie15@example.org','656.617.3873x70','5b996858e9d82bd','1988-10-07 20:23:36','2020-02-20 12:16:03'),(21,'Ransom','Zemlak','elwyn.heathcote@example.net','151.591.8960','355bb0c2bb21168','1987-07-13 05:05:37','2010-05-11 21:25:21'),(22,'Emerald','Krajcik','hthiel@example.com','1-731-324-8632x','270f7f8d74ffd74','2003-02-19 05:14:03','2006-05-17 09:12:39'),(23,'Clinton','Hilll','sherman@example.com','1-841-930-9904','5dac1e9458b9362','1984-05-24 05:27:53','2020-02-20 12:16:03'),(24,'Maybelle','Weissnat','wwest@example.net','801.274.2455x22','45a26e0e84013c0','2012-11-11 04:14:30','2020-02-20 12:16:03'),(25,'Thelma','Lubowitz','rodriguez.pamela@example.org','+77(7)710698840','65fc63a05859a3e','1976-03-19 04:22:57','2020-02-20 12:16:03'),(26,'Adriana','Braun','uauer@example.org','881.505.5336x43','8ba09e929e33402','1978-04-14 19:49:07','2020-02-20 12:16:03'),(27,'Conor','Nitzsche','annabell07@example.org','1-297-423-6727','e0b8e95d33baf03','1977-09-17 20:56:52','2010-05-31 15:40:34'),(28,'Justina','Aufderhar','qkrajcik@example.net','+42(6)269726378','918368d16118b18','1987-02-25 22:18:16','2020-02-20 12:16:03'),(29,'Flavio','Hayes','frida.ferry@example.net','292.209.1304','035b5bdc722b095','1971-08-27 22:43:00','2010-06-13 12:37:18'),(30,'Myrna','Weissnat','yshanahan@example.org','1-419-724-0186','d5587110a6c82e8','1981-03-13 00:02:48','2001-03-22 23:29:52'),(31,'Isaiah','Huels','amari71@example.org','008.967.7934x63','134f84d22e6a5d9','1970-08-09 03:07:48','1983-12-16 18:53:50'),(32,'Verdie','Dickens','hyman28@example.com','233.618.9554x72','5e92ac6f6aa68b0','1971-10-19 13:00:37','2020-02-20 12:16:03'),(33,'Karina','Reichel','kristoffer.balistreri@example.org','09075557066','d5769a8c51dade1','1971-09-27 11:14:20','2020-02-20 12:16:03'),(34,'Mason','Rolfson','nicolas.esmeralda@example.org','1-713-091-1461','e86dc3d7e482501','2010-06-30 23:03:40','2020-02-20 12:16:03'),(35,'Oswald','Hansen','efren.schiller@example.com','981-602-5772','f786a5c90eecdb0','1977-12-23 14:50:45','2020-02-20 12:16:03'),(36,'Ivah','Kilback','dasia.jaskolski@example.org','509-057-1714x55','2336e589b3b0677','1986-09-07 02:11:20','2020-02-20 12:16:03'),(37,'Leif','Monahan','cgleason@example.net','07023807932','13699ee3f425641','1991-04-07 04:03:39','1993-08-11 05:15:34'),(38,'Ron','Hessel','stehr.eloisa@example.org','310-978-2457x18','d5e6373b66d127e','1980-06-07 08:32:46','2020-02-20 12:16:03'),(39,'Emilie','Hilll','goldner.arnulfo@example.com','1-160-775-0955x','f2eea593050fd04','1970-11-22 03:06:14','2020-02-20 12:16:03'),(40,'Tamia','Kreiger','vcarroll@example.net','06074977743','fb2cae3b668dc71','1982-10-30 13:31:39','2020-02-20 12:16:03'),(41,'Louie','Bernhard','oschmeler@example.com','749.664.9269x50','598d6815c1c0c36','1992-04-09 13:44:43','2020-02-20 12:16:03'),(42,'Elva','O\'Conner','dorian84@example.net','00752245761','713f3d49520103c','1995-12-22 14:44:40','2020-02-20 12:16:03'),(43,'Alvena','Runolfsdottir','okuneva.luz@example.com','644.766.0007','7e7946e5698f40e','1975-01-06 00:12:53','2020-02-20 12:16:03'),(44,'Brandyn','Nader','bmcglynn@example.com','(314)090-4308x0','4fde0ec4639557f','1999-06-13 11:14:43','2020-02-20 12:16:03'),(45,'Ricardo','Bernier','lizeth67@example.net','336-276-1906','9abcd18b55e77e7','1991-03-25 05:02:02','2020-02-20 12:16:03'),(46,'Misael','McLaughlin','predovic.mandy@example.net','(390)908-8675','fc0f7b0034fe452','2002-04-01 21:09:01','2006-06-20 19:59:21'),(47,'Colby','Wuckert','beau14@example.com','1-952-940-8971x','b41309a324f4c49','1982-05-22 23:25:18','2020-02-20 12:16:03'),(48,'Sidney','Bruen','syost@example.net','1-034-679-8730x','98ac01e33efd872','1975-12-13 19:14:05','1980-11-26 19:06:42'),(49,'Jaron','Paucek','idonnelly@example.com','1-967-528-5458x','dd29ff0e1876f07','1971-12-31 07:19:29','2013-07-22 14:28:10'),(50,'Frederic','Mante','hlakin@example.org','404.116.0651x30','868a89fd0ac66fb','1980-12-17 11:26:16','2020-02-20 12:16:03'),(51,'Cruz','Mitchell','moshe.herman@example.com','03587044760','8aaa24109bdd439','1980-10-13 17:46:06','2020-02-20 12:16:03'),(52,'Francisca','Wolf','jocelyn.berge@example.net','(330)823-8733x0','7924df1004cf7df','2001-03-30 18:31:18','2015-12-26 19:24:17'),(53,'Katrina','Terry','hannah.hodkiewicz@example.org','(770)361-6321','6ffc3e17bb7d121','1991-07-07 21:35:33','2020-02-20 12:16:03'),(54,'Rosalinda','Reynolds','lucius.mueller@example.org','+54(5)937010854','0bfd40e81210f72','1984-05-18 13:59:02','1994-03-03 00:38:14'),(55,'Al','Brekke','fcole@example.com','114-545-0914x16','130eb0e0d9a15d2','1972-06-02 14:02:35','1986-02-02 19:26:18'),(56,'Wilbert','Lueilwitz','maddison.emard@example.com','355.709.2437','cdd33b7affedb50','1984-01-14 11:38:11','2008-12-13 02:20:24'),(57,'Guido','Schroeder','arlo.hettinger@example.org','690.749.0661','65e5abf60cacd1e','1990-10-10 13:09:44','1991-01-30 05:05:43'),(58,'Rosina','McGlynn','jeff.haag@example.org','+63(5)906940095','340cfd0746c3add','1992-04-27 17:56:01','2020-02-20 12:16:03'),(59,'Cody','Mueller','nathanael75@example.com','676.932.1491x03','afee823282b0308','1980-11-03 19:22:25','1997-11-13 11:26:09'),(60,'Chad','Koss','mweber@example.org','621-987-8686x83','68aa9f969daf891','1973-02-21 03:29:19','1973-03-10 05:00:49'),(61,'Annabel','Gislason','stephania.deckow@example.net','191.248.4741x61','b98072cb98fe1d4','1992-11-17 13:28:06','2020-02-20 12:16:03'),(62,'Dylan','Brakus','pbeer@example.com','08132684586','6ed2c5265d5f2b7','1983-12-18 07:02:06','2003-03-16 00:00:00'),(63,'Kacie','Schamberger','fbauch@example.net','+72(3)022690018','b5bc9f7b0217666','2009-04-09 00:00:41','2015-11-28 19:02:45'),(64,'Morris','Gibson','heller.benton@example.net','171-807-1699x66','bb388d61175b45b','1994-05-11 09:54:50','2020-02-20 12:16:03'),(65,'Icie','Terry','kshlerin.myrtie@example.org','04728853578','da3b017e9256c7a','1999-12-12 09:37:13','2020-02-20 12:16:03'),(66,'Mariah','Farrell','christine.abbott@example.org','(084)247-1115x2','a74e014166e5619','1987-01-03 01:24:56','2002-08-14 11:26:29'),(67,'Frederic','Frami','troy97@example.org','1-069-041-4754','394548267666c7e','1981-05-14 03:10:31','2009-03-28 12:13:39'),(68,'Noble','Trantow','gideon27@example.net','08299781207','7b1229c28cb3276','1992-12-27 02:49:49','2020-01-22 13:43:56'),(69,'Luther','Howe','fritsch.lorna@example.net','327.072.4309x52','1214ef1ded64c6a','1983-12-28 19:11:20','2001-05-12 12:23:38'),(70,'Hyman','Berge','easton.hermann@example.net','1-196-729-8348x','2e1fdcba10e7eb4','1991-03-18 10:14:25','2020-02-20 12:16:03'),(71,'Eugenia','Bernhard','thamill@example.org','(523)267-1212','bba7f2d9da06540','1980-05-02 10:01:55','2020-02-20 12:16:03'),(72,'Earlene','Durgan','rohan.mitchell@example.org','(288)214-7927','4486a7f95ab4d30','1987-01-12 14:02:56','2018-03-13 19:57:03'),(73,'Bradley','Mertz','pblick@example.org','(246)599-8076','ec7f87677ab7c24','1974-06-21 11:32:20','2006-01-23 06:14:37'),(74,'Vanessa','Little','phyllis.gibson@example.org','873-797-7043x49','9335a07f1bb17db','1974-04-24 08:34:03','2020-02-20 12:16:03'),(75,'Pablo','Wyman','jesse32@example.com','376-705-2692x45','d596614e894a751','1978-09-09 18:26:56','2020-02-20 12:16:03'),(76,'Heidi','Lakin','shields.matilde@example.net','04361611205','bbe953340cf2dc8','1996-03-25 15:15:53','2002-12-30 16:43:41'),(77,'Kiley','Hegmann','merl.bailey@example.net','764.914.5399x13','399f86f133c8e8a','1981-06-03 18:23:33','2010-10-31 00:11:46'),(78,'Micaela','Kunde','verda.zulauf@example.com','515.982.9646x24','22c1fd5d4e34337','1986-11-12 05:01:30','2014-11-18 17:54:02'),(79,'Ida','Heaney','lempi99@example.org','889-246-6116','34164d05b66c043','1991-09-25 18:48:55','2020-02-20 12:16:03'),(80,'Jeffry','Gutmann','klocko.isai@example.net','1-639-970-3517x','977265c4dba778c','1980-04-01 06:54:36','2015-12-21 12:03:22'),(81,'Kobe','Bruen','jacobs.burnice@example.net','980-151-2232x90','4e709fbdfabd777','1991-07-03 16:14:31','2004-01-11 02:32:15'),(82,'Jameson','Kris','hildegard.wolff@example.net','(876)827-1350','fe03dcedde3e08b','1995-04-11 17:40:11','2011-07-11 10:58:15'),(83,'Keegan','Kertzmann','ybogan@example.net','460.670.3918','47ba3d816ebe6f7','1971-09-29 23:48:00','2010-10-15 22:03:48'),(84,'Anderson','Herman','fcummings@example.org','1-698-303-5758x','53cfe6e14f9042a','2000-07-24 09:10:30','2020-02-20 12:16:03'),(85,'Jordi','Daniel','sgaylord@example.com','864.091.2575x93','9f120f9d7073c44','1987-06-22 01:36:05','1994-08-04 10:04:13'),(86,'Benny','Ratke','maggio.nelle@example.net','(772)175-8700x1','46cd555b0aa9890','1974-11-10 03:55:51','2013-05-10 03:24:18'),(87,'Rosalia','Hane','colby77@example.org','584-438-4696','db3220e705fa185','1991-07-15 08:18:20','2020-02-20 12:16:03'),(88,'Guido','Conroy','samanta.d\'amore@example.net','(527)647-5211x8','a985dcd7dd715f4','1984-01-11 17:37:01','2005-08-12 17:35:52'),(89,'Mohammed','Rosenbaum','lawson.wisozk@example.org','752-991-1170x46','8223389b4bbb56d','1983-08-24 04:23:13','2013-03-16 00:13:27'),(90,'Chasity','Kilback','bednar.derek@example.org','(725)477-7168x3','60bde62fb638b99','1992-08-05 00:31:56','2020-02-20 12:16:03'),(91,'Roxanne','Bode','dean.wolff@example.org','1-554-032-8363','fe22da2c66805f1','1971-05-14 05:47:16','2020-02-20 12:16:03'),(92,'Reagan','Kilback','mwyman@example.com','1-407-604-8564x','d62e9c3e552981d','1986-05-07 10:25:46','2003-12-15 20:11:31'),(93,'Dimitri','Davis','randal33@example.net','1-850-104-6174x','724a33cc10598e2','1972-09-11 10:23:31','2020-02-20 12:16:03'),(94,'Yesenia','Goodwin','reinger.guido@example.org','753.129.0812x40','ddc76562aeed5f3','1974-05-17 12:02:33','1988-10-08 07:23:18'),(95,'Marianna','Douglas','ransom.trantow@example.net','570.927.1738x53','857b6abf25d3a9f','1973-07-13 09:24:48','2002-11-18 14:48:35'),(96,'Meghan','Kuhlman','micah.grady@example.net','539-090-2230','52342ffc978522e','1975-12-24 20:54:07','2020-02-20 12:16:03'),(97,'Else','Rice','lavon.konopelski@example.net','(981)556-0218x5','a04f731e1132aa0','1997-12-07 07:53:00','2005-10-31 05:25:21'),(98,'Rogelio','Jakubowski','xpfannerstill@example.org','04949080608','a5838664c20d6e8','1994-04-24 08:04:38','2020-02-20 12:16:03'),(99,'Harold','Turner','stacey.o\'keefe@example.com','888.721.8243','9a23ac538a9acb5','1978-04-19 15:21:57','2000-12-19 22:35:32'),(100,'Gudrun','Wilkinson','reinger.bart@example.org','1-596-446-6039','1275d81f03d3399','1984-02-03 20:19:54','2020-02-20 12:16:03');
/*!40000 ALTER TABLE `users` ENABLE KEYS */;
UNLOCK TABLES;
/*!40103 SET TIME_ZONE=@OLD_TIME_ZONE */;

/*!40101 SET SQL_MODE=@OLD_SQL_MODE */;
/*!40014 SET FOREIGN_KEY_CHECKS=@OLD_FOREIGN_KEY_CHECKS */;
/*!40014 SET UNIQUE_CHECKS=@OLD_UNIQUE_CHECKS */;
/*!40101 SET CHARACTER_SET_CLIENT=@OLD_CHARACTER_SET_CLIENT */;
/*!40101 SET CHARACTER_SET_RESULTS=@OLD_CHARACTER_SET_RESULTS */;
/*!40101 SET COLLATION_CONNECTION=@OLD_COLLATION_CONNECTION */;
/*!40111 SET SQL_NOTES=@OLD_SQL_NOTES */;

-- Dump completed on 2020-02-21 13:55:02
